filename,po_number
PO-00043230.pdf,PO-00043230
PO-00098408.pdf,PO-00098408
PO-00106036.pdf,PO-00106036
PO-00116225.pdf,PO-00116225
PO-00046406.pdf,PO-00046406
PO-00076248.pdf,PO-00076248
PO-00028446.pdf,PO-00028446
PO-00035371.pdf,PO-00035371
PO-00030547.pdf,PO-00030547
PO-00045872.pdf,PO-00045872
PO-00134721.pdf,PO-00134721
PO-00134047.pdf,PO-00134047
PO-00073697.pdf,PO-00073697
PO-00141625.pdf,PO-00141625
PO-00054214.pdf,PO-00054214
PO-00102720.pdf,PO-00102720
PO-00027588.pdf,PO-00027588
PO-00065036.pdf,PO-00065036
PO-00023077.pdf,PO-00023077
PO-00026669.pdf,PO-00026669
PO-00110481.pdf,PO-00110481
PO-00113188.pdf,PO-00113188
PO-00133258.pdf,PO-00133258
PO-00117896-VOID.pdf,PO-00117896
PO-00114195.pdf,PO-00114195
PO-00089897.pdf,PO-00089897
PO-00147334.pdf,PO-00147334
PO-00108423.pdf,PO-00108423
PO-00151556.pdf,PO-00151556
PO-00158200.pdf,PO-00158200
PO-00110278.pdf,PO-00110278
PO-00113771.pdf,PO-00113771
PO-00105885.pdf,PO-00105885
PO-00117259.pdf,PO-00117259
PO-00141779.pdf,PO-00141779
PO-00112447.pdf,PO-00112447
PO-00154360.pdf,PO-00154360
PO-00145286.pdf,PO-00145286
PO-00144198.pdf,PO-00144198
PO-00033304.pdf,PO-00033304
PO-00071137.pdf,PO-00071137
PO-00031507.pdf,PO-00031507
PO-00114787.pdf,PO-00114787
PO-00135749.pdf,PO-00135749
PO-00143436.pdf,PO-00143436
PO-00111416.pdf,PO-00111416
PO-00036917.pdf,PO-00036917
PO-00048205.pdf,PO-00048205
PO-00105339.pdf,PO-00105339
PO-00104027.pdf,PO-00104027
PO-00150476.pdf,PO-00150476
PO-00114546.pdf,PO-00114546
PO-00154162.pdf,PO-00154162
PO-00100255.pdf,PO-00100255
PO-00064738.pdf,PO-00064738
PO-00031077.pdf,PO-00031077
PO-00154823.pdf,PO-00154823
PO-00090685.pdf,PO-00090685
PO-00084182.pdf,PO-00084182
PO-00083834.pdf,PO-00083834
PO-00025995.pdf,PO-00025995
PO-00139416.pdf,PO-00139416
PO-00068895.pdf,PO-00068895
PO-00088785.pdf,PO-00088785
PO-00154822.pdf,PO-00154822
PO-00042926.pdf,PO-00042926
PO-00031076.pdf,PO-00031076
PO-00150305.pdf,PO-00150305
PO-00115659.pdf,PO-00115659
PO-00055269.pdf,PO-00055269
PO-00091559.pdf,PO-00091559
PO-00151769.pdf,PO-00151769
PO-00024484.pdf,PO-00024484
PO-00036916.pdf,PO-00036916
PO-00087475.pdf,PO-00087475
PO-00098555.pdf,PO-00098555
PO-00047889.pdf,PO-00047889
PO-00103761.pdf,PO-00103761
PO-00111417.pdf,PO-00111417
PO-00053156.pdf,PO-00053156
PO-00115671.pdf,PO-00115671
PO-00134330.pdf,PO-00134330
PO-00114786.pdf,PO-00114786
PO-00114792.pdf,PO-00114792
PO-00104581.pdf,PO-00104581
PO-00046956.pdf,PO-00046956
PO-00145293.pdf,PO-00145293
PO-00071136.pdf,PO-00071136
PO-00031512.pdf,PO-00031512
PO-00153368.pdf,PO-00153368
PO-00149456.pdf,PO-00149456
PO-00117258.pdf,PO-00117258
PO-00135947.pdf,PO-00135947
PO-00086227.pdf,PO-00086227
PO-00107705.pdf,PO-00107705
PO-00080118.pdf,PO-00080118
PO-00085060.pdf,PO-00085060
PO-00126126.pdf,PO-00126126
PO-00133259.pdf,PO-00133259
PO-00025349.pdf,PO-00025349
PO-00025407.pdf,PO-00025407
PO-00121675.pdf,PO-00121675
PO-00128645.pdf,PO-00128645
PO-00073655.pdf,PO-00073655
PO-00059725.pdf,PO-00059725
PO-00096626.pdf,PO-00096626
PO-00099515.pdf,PO-00099515
PO-00035199.pdf,PO-00035199
PO-00090531.pdf,PO-00090531
PO-00147255.pdf,PO-00147255
PO-00100678.pdf,PO-00100678
PO-00092468.pdf,PO-00092468
PO-00085666.pdf,PO-00085666
PO-00045873.pdf,PO-00045873
PO-00094596.pdf,PO-00094596
PO-00120027.pdf,PO-00120027
PO-00122156.pdf,PO-00122156
PO-00033715.pdf,PO-00033715
PO-00106037.pdf,PO-00106037
PO-00046407.pdf,PO-00046407
PO-00146375.pdf,PO-00146375
PO-00154765.pdf,PO-00154765
PO-00098409.pdf,PO-00098409
PO-00043225.pdf,PO-00043225
PO-00115077.pdf,PO-00115077
PO-00139589.pdf,PO-00139589
PO-00043231.pdf,PO-00043231
PO-00098345.pdf,PO-00098345
PO-00138681.pdf,PO-00138681
PO-00043227.pdf,PO-00043227
PO-00077196.pdf,PO-00077196
PO-00058175.pdf,PO-00058175
PO-00063685.pdf,PO-00063685
PO-00146377.pdf,PO-00146377
PO-00144206.pdf,PO-00144206
PO-00156616.pdf,PO-00156616
PO-00083995.pdf,PO-00083995
PO-00124280.pdf,PO-00124280
PO-00024519.pdf,PO-00024519
PO-00084977.pdf,PO-00084977
PO-00104805.pdf,PO-00104805
PO-00063134.pdf,PO-00063134
PO-00035366.pdf,PO-00035366
PO-00124519.pdf,PO-00124519
PO-00033071.pdf,PO-00033071
PO-00045871.pdf,PO-00045871
PO-00127038.pdf,PO-00127038
PO-00069357.pdf,PO-00069357
PO-00141626.pdf,PO-00141626
PO-00024900.pdf,PO-00024900
PO-00092318.pdf,PO-00092318
PO-00158405.pdf,PO-00158405
PO-00088426.pdf,PO-00088426
PO-00149508.pdf,PO-00149508
PO-00040538.pdf,PO-00040538
PO-00154217.pdf,PO-00154217
PO-00086345.pdf,PO-00086345
PO-00134291.pdf,PO-00134291
PO-000024037.pdf,Not Found
PO-00040289.pdf,PO-00040289
PO-00070410.pdf,PO-00070410
PO-00085857.pdf,PO-00085857
PO-00107707.pdf,PO-00107707
PO-00050887.pdf,PO-00050887
PO-00103549.pdf,PO-00103549
PO-00105886.pdf,PO-00105886
PO-00096988.pdf,PO-00096988
PO-00031510.pdf,PO-00031510
PO-00123666.pdf,PO-00123666
PO-00027428.pdf,PO-00027428
PO-00098557.pdf,PO-00098557
PO-00103005.pdf,PO-00103005
PO-00027819.pdf,PO-00027819
PO-00143435.pdf,PO-00143435
PO-00094379.pdf,PO-00094379
PO-00053154.pdf,PO-00053154
PO-00040128.pdf,PO-00040128
PO-00041578.pdf,PO-00041578
PO-00057468.pdf,PO-00057468
PO-00047848.pdf,PO-00047848
PO-00067226.pdf,PO-00067226
PO-00088787.pdf,PO-00088787
PO-00149865.pdf,PO-00149865
PO-00134118.pdf,PO-00134118
PO-00033105.pdf,PO-00033105
PO-00045905.pdf,PO-00045905
PO-00129175.pdf,PO-00129175
PO-00031049.pdf,PO-00031049
PO-00103789.pdf,PO-00103789
PO-00139415.pdf,PO-00139415
PO-00068896.pdf,PO-00068896
PO-00075151.pdf,PO-00075151
PO-00042925.pdf,PO-00042925
PO-00145079.pdf,PO-00145079
PO-00044367.pdf,PO-00044367
PO-27745.pdf,PO-00027745
PO-00066688.pdf,PO-00066688
PO-00048207.pdf,PO-00048207
PO-00027818.pdf,PO-00027818
PO-00036915.pdf,PO-00036915
PO-00134327.pdf,PO-00134327
PO-00123667.pdf,PO-00123667
PO-00031511.pdf,PO-00031511
PO-00028726.pdf,PO-00028726
PO-00145290.pdf,PO-00145290
PO-00156207.pdf,PO-00156207
PO-00137835.pdf,PO-00137835
PO-00080655.pdf,PO-00080655
PO-00144165.pdf,PO-00144165
PO-00031288.pdf,PO-00031288
PO-00135950.pdf,PO-00135950
PO-00150104.pdf,PO-00150104
PO-00143150.pdf,PO-00143150
PO-00113001.pdf,PO-00113001
PO-00089895.pdf,PO-00089895
PO-00045535.pdf,PO-00045535
PO-00046028.pdf,PO-00046028
PO-00107706.pdf,PO-00107706
PO-00041800.pdf,PO-00041800
PO-00070405.pdf,PO-00070405
PO-00110483.pdf,PO-00110483
PO-00116958.pdf,PO-00116958
PO-00098191.pdf,PO-00098191
PO-00057086.pdf,PO-00057086
PO-00023075.pdf,PO-00023075
PO-00046821.pdf,PO-00046821
PO-00061246.pdf,PO-00061246
PO-00096625.pdf,PO-00096625
PO-00116031.pdf,PO-00116031
PO-00095338.pdf,PO-00095338
PO-00096157.pdf,PO-00096157
PO-00145333.pdf,PO-00145333
PO-00088427.pdf,PO-00088427
PO-00049509.pdf,PO-00049509
PO-00143030.pdf,PO-00143030
PO-00159068.pdf,PO-00159068
PO-00024256.pdf,PO-00024256
PO-00092682.pdf,PO-00092682
PO-00030545.pdf,PO-00030545
PO-00145870.pdf,PO-00145870
PO-00103825.pdf,PO-00103825
PO-00115935.pdf,PO-00115935
PO-00124518.pdf,PO-00124518
PO-00137202.pdf,PO-00137202
PO-00084976.pdf,PO-00084976
PO-00024518.pdf,PO-00024518
PO-00106975.pdf,PO-00106975
PO-00116233.pdf,PO-00116233
PO-00054766.pdf,PO-00054766
PO-00145119.pdf,PO-00145119
PO-00092655.pdf,PO-00092655
PO-00069381.pdf,PO-00069381
PO-00072789.pdf,PO-00072789
PO-00095106.pdf,PO-00095106
PO-00084755.pdf,PO-00084755
PO-00117897.pdf,PO-00117897
PO-00089265.pdf,PO-00089265
PO-00120785.pdf,PO-00120785
PO-00036695.pdf,PO-00036695
PO-00131878.pdf,PO-00131878
PO-00081177.pdf,PO-00081177
PO-00158616.pdf,PO-00158616
PO-00085477.pdf,PO-00085477
PO-00057531.pdf,PO-00057531
PO-00138848.pdf,PO-00138848
PO-00119886.pdf,PO-00119886
PO-00057525.pdf,PO-00057525
PO-00045874.pdf,PO-00045874
PO-00097932.pdf,PO-00097932
PO-00114391.pdf,PO-00114391
PO-00024520.pdf,PO-00024520
PO-00137548.pdf,PO-00137548
PO-00129776.pdf,PO-00129776
PO-00124520.pdf,PO-00124520
PO-00060438.pdf,PO-00060438
PO-00148870 (2).pdf,PO-00148870
PO-00121855.pdf,PO-00121855
PO-00048149.pdf,PO-00048149
PO-00059050.pdf,PO-00059050
PO-00054212.pdf,PO-00054212
PO-00112535.pdf,PO-00112535
PO-00093017.pdf,PO-00093017
PO-00110478.pdf,PO-00110478
PO-00071938.pdf,PO-00071938
PO-00087076.pdf,PO-00087076
PO-00139767.pdf,PO-00139767
PO-00030757.pdf,PO-00030757
PO-00111955.pdf,PO-00111955
PO-00151395.pdf,PO-00151395
PO-00152850.pdf,PO-00152850
PO-00035607.pdf,PO-00035607
PO-00058548.pdf,PO-00058548
PO-00109075.pdf,PO-00109075
PO-00155078.pdf,PO-00155078
PO-00114756.pdf,PO-00114756
PO-00108419.pdf,PO-00108419
PO-00084437.pdf,PO-00084437
PO-00121909.pdf,PO-00121909
PO-00029372.pdf,PO-00029372
PO-00144808.pdf,PO-00144808
PO-00148940.pdf,PO-00148940
PO-00030637.pdf,PO-00030637
PO-00107919.pdf,PO-00107919
PO-00155087.pdf,PO-00155087
PO-00138525.pdf,PO-00138525
PO-00113978.pdf,PO-00113978
PO-00125945.pdf,PO-00125945
PO-00142712.pdf,PO-00142712
PO-00112125.pdf,PO-00112125
PO-00063086.pdf,PO-00063086
PO-00128285.pdf,PO-00128285
PO-00147124.pdf,PO-00147124
PO-00072835.pdf,PO-00072835
PO-00148217.pdf,PO-00148217
PO-00157337.pdf,PO-00157337
PO-00088027.pdf,PO-00088027
PO-00104948.pdf,PO-00104948
PO-00061108.pdf,PO-00061108
PO-00130353.pdf,PO-00130353
PO-00033128.pdf,PO-00033128
PO-00062415.pdf,PO-00062415
PO-00073256.pdf,PO-00073256
PO-00117908.pdf,PO-00117908
PO-00038055.pdf,PO-00038055
PO-102155.pdf,PO-00102155
PO-00075154.pdf,PO-00075154
PO-00123306.pdf,PO-00123306
PO-00041583.pdf,PO-00041583
PO-00028535.pdf,PO-00028535
PO-101449.pdf,PO-00101449
PO-00039376.pdf,PO-00039376
PO-00087498.pdf,PO-00087498
PO-00094382.pdf,PO-00094382
PO-00129830.pdf,PO-00129830
PO-00053150.pdf,PO-00053150
PO-00145040.pdf,PO-00145040
PO-00154159.pdf,PO-00154159
PO-00063087.pdf,PO-00063087
PO-00151747.pdf,PO-00151747
PO-00082245.pdf,PO-00082245
PO-00125788.pdf,PO-00125788
PO-00142713.pdf,PO-00142713
PO-00063905.pdf,PO-00063905
PO-00147496.pdf,PO-00147496
PO-00067752.pdf,PO-00067752
PO-00138530.pdf,PO-00138530
PO-00129415.pdf,PO-00129415
PO-00030636.pdf,PO-00030636
PO-00144809.pdf,PO-00144809
PO-00098976.pdf,PO-00098976
PO-00072377.pdf,PO-00072377
PO-00143800.pdf,PO-00143800
PO-00028086.pdf,PO-00028086
PO-00113762.pdf,PO-00113762
PO-00081566.pdf,PO-00081566
PO-00022597.pdf,PO-00022597
PO-00146777.pdf,PO-00146777
PO-00052716.pdf,PO-00052716
PO-00033511.pdf,PO-00033511
PO-00152845.pdf,PO-00152845
PO-00111968.pdf,PO-00111968
PO-00120545.pdf,PO-00120545
PO-00030756.pdf,PO-00030756
PO-00139766.pdf,PO-00139766
PO-00058398.pdf,PO-00058398
PO-00071939.pdf,PO-00071939
PO-00111767.pdf,PO-00111767
PO-00107677.pdf,PO-00107677
PO-00157726.pdf,PO-00157726
PO-00036496.pdf,PO-00036496
PO-00054213.pdf,PO-00054213
PO-00030795.pdf,PO-00030795
PO-00144766.pdf,PO-00144766
PO-00111997.pdf,PO-00111997
PO-00037575.pdf,PO-00037575
PO-00063130.pdf,PO-00063130
PO-00098382.pdf,PO-00098382
PO-00119887.pdf,PO-00119887
PO-00064688.pdf,PO-00064688
PO-00057256.pdf,PO-00057256
PO-00151155.pdf,PO-00151155
PO-00066935.pdf,PO-00066935
PO-00142115.pdf,PO-00142115
PO-00110135.pdf,PO-00110135
PO-00089270.pdf,PO-00089270
PO-00102527.pdf,PO-00102527
PO-00126491.pdf,PO-00126491
PO-00148348.pdf,PO-00148348
PO-00099075.pdf,PO-00099075
PO-00063867.pdf,PO-00063867
PO-00114351.pdf,PO-00114351
PO-00153032.pdf,PO-00153032
PO-00151157.pdf,PO-00151157
PO-00088636.pdf,PO-00088636
PO-00104618.pdf,PO-00104618
PO-00082496.pdf,PO-00082496
PO-00097925.pdf,PO-00097925
PO-00116585.pdf,PO-00116585
PO-00139200.pdf,PO-00139200
PO-00097931.pdf,PO-00097931
PO-00033739.pdf,PO-00033739
PO-00125629.pdf,PO-00125629
PO-00124279.pdf,PO-00124279
PO-00098380.pdf,PO-00098380
PO-00112907.pdf,PO-00112907
PO-00117328.pdf,PO-00117328
PO-00107891.pdf,PO-00107891
PO-00107107.pdf,PO-00107107
PO-00115517.pdf,PO-00115517
PO-00074857.pdf,PO-00074857
PO-00072598.pdf,PO-00072598
PO-00124047.pdf,PO-00124047
PO-00111956.pdf,PO-00111956
PO-00080097.pdf,PO-00080097
PO-00120235.pdf,PO-00120235
PO-00038308.pdf,PO-00038308
PO-00062748.pdf,PO-00062748
PO-00146775.pdf,PO-00146775
PO-00126081.pdf,PO-00126081
PO-00022595.pdf,PO-00022595
PO-00080120.pdf,PO-00080120
PO-00094155.pdf,PO-00094155
PO-00068488.pdf,PO-00068488
PO-00095505.pdf,PO-00095505
PO-00147457.pdf,PO-00147457
PO-00103201.pdf,PO-00103201
PO-00062199.pdf,PO-00062199
PO-00150881.pdf,PO-00150881
PO-00082086.pdf,PO-00082086
PO-00024899.pdf,PO-00024899
PO-00095288.pdf,PO-00095288
PO-00029417.pdf,PO-00029417
PO-00029371.pdf,PO-00029371
PO-00069755.pdf,PO-00069755
PO-00126718.pdf,PO-00126718
PO-00067750.pdf,PO-00067750
PO-00033315.pdf,PO-00033315
PO-00032584.pdf,PO-00032584
PO-00112126.pdf,PO-00112126
PO-00145718.pdf,PO-00145718
PO-00024480.pdf,PO-00024480
PO-00089306.pdf,PO-00089306
PO-00153608.pdf,PO-00153608
PO-00053152.pdf,PO-00053152
PO-00088030.pdf,PO-00088030
PO-00067591.pdf,PO-00067591
PO-00067585.pdf,PO-00067585
PO-00136906.pdf,PO-00136906
PO-00063085.pdf,PO-00063085
PO-00076305.pdf,PO-00076305
PO-00097689.pdf,PO-00097689
PO-00139360.pdf,PO-00139360
PO-00134678.pdf,PO-00134678
PO-00049877.pdf,PO-00049877
PO-00025761.pdf,PO-00025761
PO-00074248.pdf,PO-00074248
PO-00038042.pdf,PO-00038042
PO-00041581.pdf,PO-00041581
PO-00073255.pdf,PO-00073255
PO-00149876.pdf,PO-00149876
PO-00118387.pdf,PO-00118387
PO-00028536.pdf,PO-00028536
PO-00120156.pdf,PO-00120156
PO-00130345.pdf,PO-00130345
PO-00064066.pdf,PO-00064066
PO-00098236.pdf,PO-00098236
PO-00136907.pdf,PO-00136907
PO-00095712.pdf,PO-00095712
PO-00103764.pdf,PO-00103764
PO-00128293.pdf,PO-00128293
PO-00053153.pdf,PO-00053153
PO-00120817.pdf,PO-00120817
PO-00105467.pdf,PO-00105467
PO-00095706.pdf,PO-00095706
PO-00029199.pdf,PO-00029199
PO-00132585.pdf,PO-00132585
PO-00063906.pdf,PO-00063906
PO-00106146.pdf,PO-00106146
PO-00083158.pdf,PO-00083158
PO-00052098.pdf,PO-00052098
PO-00116816.pdf,PO-00116816
PO-00138533.pdf,PO-00138533
PO-00052932.pdf,PO-00052932
PO-00147495.pdf,PO-00147495
PO-00065608.pdf,PO-00065608
PO-00029416.pdf,PO-00029416
PO-00029370.pdf,PO-00029370
PO-00091945.pdf,PO-00091945
PO-00078895.pdf,PO-00078895
PO-00073095.pdf,PO-00073095
PO-00157889.pdf,PO-00157889
PO-00158204.pdf,PO-00158204
PO-00126902.pdf,PO-00126902
PO-00057889.pdf,PO-00057889
PO-00071696.pdf,PO-00071696
PO-00150102.pdf,PO-00150102
PO-00080121.pdf,PO-00080121
PO-00068489.pdf,PO-00068489
PO-00154416.pdf,PO-00154416
PO-00061526.pdf,PO-00061526
PO-00033506.pdf,PO-00033506
PO-00157080.pdf,PO-00157080
PO-00133506.pdf,PO-00133506
PO-00133260.pdf,PO-00133260
PO-00080096.pdf,PO-00080096
PO-00066513.pdf,PO-00066513
PO-00139765.pdf,PO-00139765
PO-00082118.pdf,PO-00082118
PO-00144995.pdf,PO-00144995
PO-00144003.pdf,PO-00144003
PO-00107890.pdf,PO-00107890
PO-00042466.pdf,PO-00042466
PO-00089071.pdf,PO-00089071
PO-00137947.pdf,PO-00137947
PO-00141609.pdf,PO-00141609
PO-00120585.pdf,PO-00120585
PO-00059052.pdf,PO-00059052
PO-00063133.pdf,PO-00063133
PO-00143585.pdf,PO-00143585
PO-00152488.pdf,PO-00152488
PO-00063127.pdf,PO-00063127
PO-00138679.pdf,PO-00138679
PO-00125628.pdf,PO-00125628
PO-00092684.pdf,PO-00092684
PO-00158199.pdf,PO-00158199
PO-00038686.pdf,PO-00038686
PO-00134916.pdf,PO-00134916
PO-00061095.pdf,PO-00061095
PO-00086168.pdf,PO-00086168
PO-00073491.pdf,PO-00073491
PO-00084757.pdf,PO-00084757
PO-00036697.pdf,PO-00036697
PO-00119106.pdf,PO-00119106
PO-00126490.pdf,PO-00126490
PO-00055357.pdf,PO-00055357
PO-00091467.pdf,PO-00091467
PO-00120910.pdf,PO-00120910
PO-00099775.pdf,PO-00099775
PO-00043509.pdf,PO-00043509
PO-00140772.pdf,PO-00140772
PO-00054061.pdf,PO-00054061
PO-00141478.pdf,PO-00141478
PO-00136828.pdf,PO-00136828
PO-00126385.pdf,PO-00126385
PO-00108093.pdf,PO-00108093
PO-00103878.pdf,PO-00103878
PO-00038636.pdf,PO-00038636
PO-00071578.pdf,PO-00071578
PO-00133039.pdf,PO-00133039
PO-00145811.pdf,PO-00145811
PO-00024545.pdf,PO-00024545
PO-00066010.pdf,PO-00066010
PO-00097566.pdf,PO-00097566
PO-00077486.pdf,PO-00077486
PO-00047545.pdf,PO-00047545
PO-00141646.pdf,PO-00141646
PO-00062935.pdf,PO-00062935
PO-00052606.pdf,PO-00052606
PO-00140570.pdf,PO-00140570
PO-00146673.pdf,PO-00146673
PO-00027266.pdf,PO-00027266
PO-00044925.pdf,PO-00044925
PO-00064439.pdf,PO-00064439
PO-00103042-1 (REV).pdf,PO-00103042
PO-00078819.pdf,PO-00078819
PO-00067911.pdf,PO-00067911
PO-00119217.pdf,PO-00119217
PO-00092556.pdf,PO-00092556
PO-00111139.pdf,PO-00111139
PO-00137698.pdf,PO-00137698
PO-00067905.pdf,PO-00067905
PO-00134391.pdf,PO-00134391
PO-00143858.pdf,PO-00143858
PO-00111878.pdf,PO-00111878
PO-00145597.pdf,PO-00145597
PO-00038226.pdf,PO-00038226
PO-00032045.pdf,PO-00032045
PO-00071168.pdf,PO-00071168
PO-00026756.pdf,PO-00026756
PO-00155960.pdf,PO-00155960
PO-00115175.pdf,PO-00115175
PO-00041256.pdf,PO-00041256
PO-00087365.pdf,PO-00087365
PO-00048266.pdf,PO-00048266
PO-00148514.pdf,PO-00148514
PO-00102435.pdf,PO-00102435
PO-00101128.pdf,PO-00101128
PO-00149636.pdf,PO-00149636
PO-00152570.pdf,PO-00152570
PO-00061810.pdf,PO-00061810
PO-00104905.pdf,PO-00104905
PO-00027676.pdf,PO-00027676
PO-00121575.pdf,PO-00121575
PO-00053849.pdf,PO-00053849
PO-00125061.pdf,PO-00125061
PO-00046288.pdf,PO-00046288
PO-00040809.pdf,PO-00040809
PO-00084693.pdf,PO-00084693
PO-00127886.pdf,PO-00127886
PO-00119968.pdf,PO-00119968
PO-30007755.pdf,PO-00037755
PO-00032535.pdf,PO-00032535
PO-00085598.pdf,PO-00085598
PO-00130451.pdf,PO-00130451
PO-00115835.pdf,PO-00115835
PO-00100586.pdf,PO-00100586
PO-00084692.pdf,PO-00084692
PO-00061636.pdf,PO-00061636
PO-00053848.pdf,PO-00053848
PO-00117993.pdf,PO-00117993
PO-00061811.pdf,PO-00061811
PO-00048529.pdf,PO-00048529
PO-00147626.pdf,PO-00147626
PO-00134810.pdf,PO-00134810
PO-00113277.pdf,PO-00113277
PO-00094318.pdf,PO-00094318
PO-00153647.pdf,PO-00153647
PO-00042986.pdf,PO-00042986
PO-00128593.pdf,PO-00128593
PO-00105830.pdf,PO-00105830
PO-00155961.pdf,PO-00155961
PO-00071169.pdf,PO-00071169
PO-00139105.pdf,PO-00139105
PO-00071627.pdf,PO-00071627
PO-00113908.pdf,PO-00113908
PO-00023175.pdf,PO-00023175
PO-00027475.pdf,PO-00027475
PO-00140377.pdf,PO-00140377
PO-00113049.pdf,PO-00113049
PO-00104535.pdf,PO-00104535
PO-00137699.pdf,PO-00137699
PO-00111138.pdf,PO-00111138
PO-00119216.pdf,PO-00119216
PO-00100009.pdf,PO-00100009
PO-00118646.pdf,PO-00118646
PO-00053445.pdf,PO-00053445
PO-00041055.pdf,PO-00041055
PO-00053451.pdf,PO-00053451
PO-00102795.pdf,PO-00102795
PO-00039065.pdf,PO-00039065
PO-00086495.pdf,PO-00086495
PO-00120508.pdf,PO-00120508
PO-00027267.pdf,PO-00027267
PO-00041109.pdf,PO-00041109
PO-00054276.pdf,PO-00054276
PO-00140571.pdf,PO-00140571
PO-00052607.pdf,PO-00052607
PO-00121825.pdf,PO-00121825
PO-00153525.pdf,PO-00153525
PO-00148105.pdf,PO-00148105
PO-00076955.pdf,PO-00076955
PO-00096490.pdf,PO-00096490
PO-00062277.pdf,PO-00062277
PO-00029706.pdf,PO-00029706
PO-00149794.pdf,PO-00149794
PO-00071626-CANCELED.pdf,PO-00071626
PO-00072716.pdf,PO-00072716
PO-00112948.pdf,PO-00112948
PO-00145810.pdf,PO-00145810
PO-00058398-REV.pdf,PO-00058398
PO-00139529.pdf,PO-00139529
PO-00040015.pdf,PO-00040015
PO-00132497.pdf,PO-00132497
PO-00144267.pdf,PO-00144267
PO-00056105.pdf,PO-00056105
PO-00106726.pdf,PO-00106726
PO-00034970.pdf,PO-00034970
PO-00139298.pdf,PO-00139298
PO-00049019.pdf,PO-00049019
PO-00113317.pdf,PO-00113317
PO-00115766.pdf,PO-00115766
PO-00034966.pdf,PO-00034966
PO-00126386.pdf,PO-00126386
PO-00144265.pdf,PO-00144265
PO-00040017.pdf,PO-00040017
PO-00054062.pdf,PO-00054062
PO-00140765.pdf,PO-00140765
PO-00056107.pdf,PO-00056107
PO-00098468.pdf,PO-00098468
PO-00131605.pdf,PO-00131605
PO-00064638.pdf,PO-00064638
PO-00075735.pdf,PO-00075735
PO-00081878.pdf,PO-00081878
PO-00084096.pdf,PO-00084096
PO-00126345.pdf,PO-00126345
PO-00026345.pdf,PO-00026345
PO-00082395.pdf,PO-00082395
PO-00122889.pdf,PO-00122889
PO-00153916.pdf,PO-00153916
PO-00066007.pdf,PO-00066007
PO-00124546.pdf,PO-00124546
PO-00060476.pdf,PO-00060476
PO-00092838.pdf,PO-00092838
PO-00077485.pdf,PO-00077485
PO-00047546.pdf,PO-00047546
PO-00042358.pdf,PO-00042358
PO-00146116.pdf,PO-00146116
PO-00055618.pdf,PO-00055618
PO-00113895.pdf,PO-00113895
PO-00140573.pdf,PO-00140573
PO-00071037.pdf,PO-00071037
PO-00067655.pdf,PO-00067655
PO-00135675.pdf,PO-00135675
PO-00066577.pdf,PO-00066577
PO-00036426.pdf,PO-00036426
PO-00022447.pdf,PO-00022447
PO-00131349.pdf,PO-00131349
PO-00061387.pdf,PO-00061387
PO-00104537.pdf,PO-00104537
PO-00140375.pdf,PO-00140375
PO-00108319.pdf,PO-00108319
PO-00116127.pdf,PO-00116127
PO-00134386.pdf,PO-00134386
PO-00040375.pdf,PO-00040375
PO-00108494.pdf,PO-00108494
PO-00071143.pdf,PO-00071143
PO-00089820.pdf,PO-00089820
PO-00027477.pdf,PO-00027477
PO-00064566.pdf,PO-00064566
PO-00113275.pdf,PO-00113275
PO-00087372.pdf,PO-00087372
PO-00042990.pdf,PO-00042990
PO-00043456.pdf,PO-00043456
PO-00095776.pdf,PO-00095776
PO-00082578.pdf,PO-00082578
PO-00152573.pdf,PO-00152573
PO-00102422.pdf,PO-00102422
PO-00095038.pdf,PO-00095038
PO-00070739.pdf,PO-00070739
PO-00129658.pdf,PO-00129658
PO-00136778.pdf,PO-00136778
PO-00143495.pdf,PO-00143495
PO-00027675.pdf,PO-00027675
PO-00060516.pdf,PO-00060516
PO-00074205.pdf,PO-00074205
PO-00104090.pdf,PO-00104090
PO-00031981.pdf,PO-00031981
PO-00130447.pdf,PO-00130447
PO-00096295.pdf,PO-00096295
PO-00104085.pdf,PO-00104085
PO-00083698.pdf,PO-00083698
PO-00122042.pdf,PO-00122042
PO-00031980.pdf,PO-00031980
PO-00025705.pdf,PO-00025705
PO-00110972.pdf,PO-00110972
PO-00061635.pdf,PO-00061635
PO-00022718.pdf,PO-00022718
PO-00053687.pdf,PO-00053687
PO-00145768.pdf,PO-00145768
PO-00102423.pdf,PO-00102423
PO-00112618.pdf,PO-00112618
PO-00144338.pdf,PO-00144338
PO-00157436.pdf,PO-00157436
PO-00096929.pdf,PO-00096929
PO-00036221.pdf,PO-00036221
PO-00116697.pdf,PO-00116697
PO-00064573.pdf,PO-00064573
PO-00071630.pdf,PO-00071630
PO-00131200.pdf,PO-00131200
PO-00089821.pdf,PO-00089821
PO-00116126.pdf,PO-00116126
PO-00087159.pdf,PO-00087159
PO-00041056.pdf,PO-00041056
PO-00053452.pdf,PO-00053452
PO-00053446.pdf,PO-00053446
PO-00100195.pdf,PO-00100195
PO-00122446.pdf,PO-00122446
PO-00027270.pdf,PO-00027270
PO-00067132.pdf,PO-00067132
PO-00154261.pdf,PO-00154261
PO-00103339.pdf,PO-00103339
PO-00042417.pdf,PO-00042417
PO-00104330.pdf,PO-00104330
PO-00081448.pdf,PO-00081448
PO-00057026.pdf,PO-00057026
PO-00046895.pdf,PO-00046895
PO-00116708.pdf,PO-00116708
PO-00147235.pdf,PO-00147235
PO-00158315.pdf,PO-00158315
PO-00124976.pdf,PO-00124976
PO-00041888.pdf,PO-00041888
PO-00151866.pdf,PO-00151866
PO-00090948.pdf,PO-00090948
PO-00072715.pdf,PO-00072715
PO-00033991.pdf,PO-00033991
PO-00159116 - URGENT DELIVERY.pdf,PO-00159116
PO-00088849.pdf,PO-00088849
PO-00099777.pdf,PO-00099777
PO-00056106.pdf,PO-00056106
PO-00084040.pdf,PO-00084040
PO-00042601.pdf,PO-00042601
PO-00105576.pdf,PO-00105576
PO-00158117.pdf,PO-00158117
PO-00144506.pdf,PO-00144506
PO-00143269.pdf,PO-00143269
PO-00109360.pdf,PO-00109360
PO-00049022.pdf,PO-00049022
PO-00152370.pdf,PO-00152370
PO-00105228.pdf,PO-00105228
PO-00157220.pdf,PO-00157220
PO-00155351.pdf,PO-00155351
PO-00072936.pdf,PO-00072936
PO-00138618.pdf,PO-00138618
PO-00063608.pdf,PO-00063608
PO-00149787.pdf,PO-00149787
PO-00027076.pdf,PO-00027076
PO-00075056.pdf,PO-00075056
PO-00110816.pdf,PO-00110816
PO-00068775.pdf,PO-00068775
PO-00154517.pdf,PO-00154517
PO-00102751.pdf,PO-00102751
PO-00048658.pdf,PO-00048658
PO-00144710.pdf,PO-00144710
PO-00091893.pdf,PO-00091893
PO-00143719.pdf,PO-00143719
PO-00060842.pdf,PO-00060842
PO-00058305.pdf,PO-00058305
PO-00067687.pdf,PO-00067687
PO-00111705.pdf,PO-00111705
PO-00143916.pdf,PO-00143916
PO-00064365.pdf,PO-00064365
PO-00043916.pdf,PO-00043916
PO-00136345.pdf,PO-00136345
PO-00146846.pdf,PO-00146846
PO-00031589.pdf,PO-00031589
PO-00104526.pdf,PO-00104526
PO-00032916.pdf,PO-00032916
PO-00148710.pdf,PO-00148710
PO-00087161.pdf,PO-00087161
PO-00103275.pdf,PO-00103275
PO-00117200.pdf,PO-00117200
PO-00130867.pdf,PO-00130867
PO-00089819.pdf,PO-00089819
PO-00072315.pdf,PO-00072315
PO-00094690.pdf,PO-00094690
PO-00064205.pdf,PO-00064205
PO-00078162.pdf,PO-00078162
PO-00108491.pdf,PO-00108491
PO-00108485.pdf,PO-00108485
PO-00114245.pdf,PO-00114245
PO-00110745.pdf,PO-00110745
PO-00059345.pdf,PO-00059345
PO-00144466.pdf,PO-00144466
PO-00056738.pdf,PO-00056738
PO-00154649.pdf,PO-00154649
PO-00093316.pdf,PO-00093316
PO-00108877.pdf,PO-00108877
PO-00076417.pdf,PO-00076417
PO-00034156.pdf,PO-00034156
PO-00132255.pdf,PO-00132255
PO-00065319.pdf,PO-00065319
PO-00072665.pdf,PO-00072665
PO-00078360.pdf,PO-00078360
PO-00024379.pdf,PO-00024379
PO-00140198.pdf,PO-00140198
PO-00070828-REV 3.pdf,PO-00070828
PO-00155595.pdf,PO-00155595
PO-00125728.pdf,PO-00125728
PO-00034157.pdf,PO-00034157
PO-00022721.pdf,PO-00022721
PO-00051917.pdf,PO-00051917
PO-00097617.pdf,PO-00097617
PO-00134816.pdf,PO-00134816
PO-00110036.pdf,PO-00110036
PO-00112153.pdf,PO-00112153
PO-00033837.pdf,PO-00033837
PO-00131563.pdf,PO-00131563
PO-00039117.pdf,PO-00039117
PO-00110585.pdf,PO-00110585
PO-00089818.pdf,PO-00089818
PO-00116692.pdf,PO-00116692
PO-00132917.pdf,PO-00132917
PO-00117201.pdf,PO-00117201
PO-00115416.pdf,PO-00115416
PO-00083460.pdf,PO-00083460
PO-00028797.pdf,PO-00028797
PO-00043678.pdf,PO-00043678
PO-00116645.pdf,PO-00116645
PO-00109765.pdf,PO-00109765
PO-00031588.pdf,PO-00031588
PO-00132678.pdf,PO-00132678
PO-00093908.pdf,PO-00093908
PO-00082805.pdf,PO-00082805
PO-00150957.pdf,PO-00150957
PO-00127507.pdf,PO-00127507
PO-00078759.pdf,PO-00078759
PO-00114697.pdf,PO-00114697
PO-00113675.pdf,PO-00113675
PO-00073195.pdf,PO-00073195
PO-00095376.pdf,PO-00095376
PO-00091892.pdf,PO-00091892
PO-00130090.pdf,PO-00130090
PO-00112557.pdf,PO-00112557
PO-00052167.pdf,PO-00052167
PO-00112225.pdf,PO-00112225
PO-00139249.pdf,PO-00139249
PO-00075057.pdf,PO-00075057
PO-00158847.pdf,PO-00158847
PO-00136146.pdf,PO-00136146
PO-00031629.pdf,PO-00031629
PO-101589.pdf,PO-00101589
PO-00072937.pdf,PO-00072937
PO-00115006.pdf,PO-00115006
PO-00085415.pdf,PO-00085415
PO-00155350.pdf,PO-00155350
PO-00048315.pdf,PO-00048315
PO-00112999.pdf,PO-00112999
PO-00112027.pdf,PO-00112027
PO-00075916.pdf,PO-00075916
PO-00096455.pdf,PO-00096455
PO-00049021.pdf,PO-00049021
PO-00054064.pdf,PO-00054064
PO-00095176.pdf,PO-00095176
PO-00155346.pdf,PO-00155346
PO-00085417.pdf,PO-00085417
PO-00147965.pdf,PO-00147965
PO-00158845.pdf,PO-00158845
PO-00051875.pdf,PO-00051875
PO-00053938.pdf,PO-00053938
PO-00068776.pdf,PO-00068776
PO-00086877.pdf,PO-00086877
PO-00062529.pdf,PO-00062529
PO-00102746.pdf,PO-00102746
PO-00069695.pdf,PO-00069695
PO-00148129.pdf,PO-00148129
PO-00109607.pdf,PO-00109607
PO-00070307.pdf,PO-00070307
PO-00124756.pdf,PO-00124756
PO-00132108.pdf,PO-00132108
PO-00082026.pdf,PO-00082026
PO-00102632.pdf,PO-00102632
PO-00066388.pdf,PO-00066388
PO-00121969.pdf,PO-00121969
PO-00108323.pdf,PO-00108323
PO-00148707.pdf,PO-00148707
PO-00118656.pdf,PO-00118656
PO-101825.pdf,PO-00101825
PO-00108445.pdf,PO-00108445
PO-00069905.pdf,PO-00069905
PO-00114078.pdf,PO-00114078
PO-00073949.pdf,PO-00073949
PO-101831.pdf,PO-00101831
PO-00028795.pdf,PO-00028795
PO-00061418.pdf,PO-00061418
PO-00092590.pdf,PO-00092590
PO-00157800.pdf,PO-00157800
PO-00064206.pdf,PO-00064206
PO-00043875.pdf,PO-00043875
PO-00080180.pdf,PO-00080180
PO-00110587.pdf,PO-00110587
PO-00137138.pdf,PO-00137138
PO-00055959.pdf,PO-00055959
PO-00068366.pdf,PO-00068366
PO-00080816.pdf,PO-00080816
PO-00089198.pdf,PO-00089198
PO-00071145.pdf,PO-00071145
PO-00079096.pdf,PO-00079096
PO-00040617.pdf,PO-00040617
PO-00089365.pdf,PO-00089365
PO-00149155.pdf,PO-00149155
PO-00144459.pdf,PO-00144459
PO-00085205.pdf,PO-00085205
PO-00149169.pdf,PO-00149169
PO-00061197.pdf,PO-00061197
PO-00030455.pdf,PO-00030455
PO-00073578.pdf,PO-00073578
PO-00062475.pdf,PO-00062475
PO-00137448.pdf,PO-00137448
PO-00024346.pdf,PO-00024346
PO-00139303.pdf,PO-00139303
PO-00079055.pdf,PO-00079055
PO-00153858.pdf,PO-00153858
PO-00137306.pdf,PO-00137306
PO-00025070.pdf,PO-00025070
PO-00072896.pdf,PO-00072896
PO-00128540.pdf,PO-00128540
PO-00023366.pdf,PO-00023366
PO-00078410.pdf,PO-00078410
PO-00110974.pdf,PO-00110974
PO-00068165.pdf,PO-00068165
PO-00130326.pdf,PO-00130326
PO-00145961.pdf,PO-00145961
PO-00045975.pdf,PO-00045975
PO-00023428.pdf,PO-00023428
PO-00157342.pdf,PO-00157342
PO-00122905.pdf,PO-00122905
PO-00152574.pdf,PO-00152574
PO-00049140.pdf,PO-00049140
PO-00110747.pdf,PO-00110747
PO-00090635.pdf,PO-00090635
PO-00136780.pdf,PO-00136780
PO-00146515.pdf,PO-00146515
PO-00116322.pdf,PO-00116322
PO-00094321.pdf,PO-00094321
PO-00079097.pdf,PO-00079097
PO-00142773.pdf,PO-00142773
PO-00071144.pdf,PO-00071144
PO-00108493.pdf,PO-00108493
PO-00128025.pdf,PO-00128025
PO-00139128.pdf,PO-00139128
PO-00068367.pdf,PO-00068367
PO-00152945.pdf,PO-00152945
PO-00130130.pdf,PO-00130130
PO-00073009.pdf,PO-00073009
PO-00055964.pdf,PO-00055964
PO-00114079.pdf,PO-00114079
PO-00023819.pdf,PO-00023819
PO-00098725.pdf,PO-00098725
PO-00148706.pdf,PO-00148706
PO-00066389.pdf,PO-00066389
PO-00095567.pdf,PO-00095567
PO-00033217.pdf,PO-00033217
PO-00138418.pdf,PO-00138418
PO-00059780.pdf,PO-00059780
PO-00066216.pdf,PO-00066216
PO-00032647.pdf,PO-00032647
PO-00139074.pdf,PO-00139074
PO-00098123.pdf,PO-00098123
PO-00058307.pdf,PO-00058307
PO-00154515.pdf,PO-00154515
PO-00091885.pdf,PO-00091885
PO-00112226.pdf,PO-00112226
PO-00092426.pdf,PO-00092426
PO-00109612.pdf,PO-00109612
PO-00102747.pdf,PO-00102747
PO-00104861.pdf,PO-00104861
PO-00066996.pdf,PO-00066996
PO-00158850.pdf,PO-00158850
PO-00127048.pdf,PO-00127048
PO-00080208.pdf,PO-00080208
PO-00115005.pdf,PO-00115005
PO-00146475.pdf,PO-00146475
PO-00159227.pdf,PO-00159227
PO-00127935.pdf,PO-00127935
PO-00123586.pdf,PO-00123586
PO-00055362.pdf,PO-00055362
PO-00044509.pdf,PO-00044509
PO-00113323.pdf,PO-00113323
PO-00062280.pdf,PO-00062280
PO-00147982.pdf,PO-00147982
PO-00133965.pdf,PO-00133965
PO-00110616.pdf,PO-00110616
PO-00138171.pdf,PO-00138171
PO-00142839.pdf,PO-00142839
PO-00075059.pdf,PO-00075059
PO-00041667.pdf,PO-00041667
PO-00041673.pdf,PO-00041673
PO-00051460.pdf,PO-00051460
PO-00113647.pdf,PO-00113647
PO-00071940.pdf,PO-00071940
PO-00043058.pdf,PO-00043058
PO-00129295.pdf,PO-00129295
PO-00154256.pdf,PO-00154256
PO-00083297.pdf,PO-00083297
PO-00106289.pdf,PO-00106289
PO-00123747.pdf,PO-00123747
PO-00148870.pdf,PO-00148870
PO-00057165.pdf,PO-00057165
PO-00090406.pdf,PO-00090406
PO-00104267.pdf,PO-00104267
PO-00071834.pdf,PO-00071834
PO-00026978.pdf,PO-00026978
PO-00056247.pdf,PO-00056247
PO-00035051.pdf,PO-00035051
PO-00130897.pdf,PO-00130897
PO-00113900.pdf,PO-00113900
PO-00087807.pdf,PO-00087807
PO-00062135.pdf,PO-00062135
PO-00030115.pdf,PO-00030115
PO-00122277.pdf,PO-00122277
PO-00133193.pdf,PO-00133193
PO-00033839.pdf,PO-00033839
PO-00089369.pdf,PO-00089369
PO-00043460.pdf,PO-00043460
PO-00074596.pdf,PO-00074596
PO-00145039.pdf,PO-00145039
PO-00140627.pdf,PO-00140627
PO-00092007.pdf,PO-00092007
PO-00104717.pdf,PO-00104717
PO-00075105.pdf,PO-00075105
PO-00045978.pdf,PO-00045978
PO-00060520.pdf,PO-00060520
PO-00157398.pdf,PO-00157398
PO-00050391.pdf,PO-00050391
PO-00042795.pdf,PO-00042795
PO-00147821.pdf,PO-00147821
PO-00066145.pdf,PO-00066145
PO-00050390.pdf,PO-00050390
PO-00140197.pdf,PO-00140197
PO-00066150.pdf,PO-00066150
PO-00069505.pdf,PO-00069505
PO-00047808.pdf,PO-00047808
PO-00045979.pdf,PO-00045979
PO-00079058.pdf,PO-00079058
PO-00113281.pdf,PO-00113281
PO-00114288.pdf,PO-00114288
PO-00142025.pdf,PO-00142025
PO-00106667.pdf,PO-00106667
PO-00159363.pdf,PO-00159363
PO-00145038.pdf,PO-00145038
PO-00106115.pdf,PO-00106115
PO-00159377.pdf,PO-00159377
PO-00056736.pdf,PO-00056736
PO-00050347.pdf,PO-00050347
PO-00113530.pdf,PO-00113530
PO-00043307.pdf,PO-00043307
PO-00089368.pdf,PO-00089368
PO-00069788 (REV).pdf,PO-00069788
PO-00040381.pdf,PO-00040381
PO-00036217.pdf,PO-00036217
PO-00126776.pdf,PO-00126776
PO-00113901.pdf,PO-00113901
PO-00143850.pdf,PO-00143850
PO-00098926.pdf,PO-00098926
PO-00125525.pdf,PO-00125525
PO-00061415.pdf,PO-00061415
PO-00117597.pdf,PO-00117597
PO-00065667.pdf,PO-00065667
PO-00137135.pdf,PO-00137135
PO-00056246.pdf,PO-00056246
PO-00121970.pdf,PO-00121970
PO-00069920.pdf,PO-00069920
PO-00142569.pdf,PO-00142569
PO-00136377.pdf,PO-00136377
PO-00063376.pdf,PO-00063376
PO-00137055.pdf,PO-00137055
PO-00116925.pdf,PO-00116925
PO-00060119.pdf,PO-00060119
PO-00110415.pdf,PO-00110415
PO-00096102.pdf,PO-00096102
PO-00141128.pdf,PO-00141128
PO-00127285.pdf,PO-00127285
PO-00041672.pdf,PO-00041672
PO-00069698.pdf,PO-00069698
PO-00112558.pdf,PO-00112558
PO-00035695.pdf,PO-00035695
PO-00121186.pdf,PO-00121186
PO-00113652.pdf,PO-00113652
PO-00154519.pdf,PO-00154519
PO-00106908.pdf,PO-00106908
PO-00060441.pdf,PO-00060441
PO-00142838.pdf,PO-00142838
PO-00027078.pdf,PO-00027078
PO-00125135.pdf,PO-00125135
PO-00063612.pdf,PO-00063612
PO-00065505.pdf,PO-00065505
PO-00022896.pdf,PO-00022896
PO-00031140.pdf,PO-00031140
PO-00138170.pdf,PO-00138170
PO-00045819.pdf,PO-00045819
PO-00031626.pdf,PO-00031626
PO-00112000.pdf,PO-00112000
PO-00036808.pdf,PO-00036808
PO-00027905.pdf,PO-00027905
PO-00064828.pdf,PO-00064828
PO-00062281.pdf,PO-00062281
PO-00118539.pdf,PO-00118539
PO-00136834.pdf,PO-00136834
PO-00115035.pdf,PO-00115035
PO-00105226.pdf,PO-00105226
PO-00113320.pdf,PO-00113320
PO-00103655.pdf,PO-00103655
PO-00159229.pdf,PO-00159229
PO-00055361.pdf,PO-00055361
PO-00151675.pdf,PO-00151675
PO-00131195.pdf,PO-00131195
PO-00152368.pdf,PO-00152368
PO-00045600.pdf,PO-00045600
PO-00043259.pdf,PO-00043259
PO-00080212.pdf,PO-00080212
PO-00149006.pdf,PO-00149006
PO-00085418.pdf,PO-00085418
PO-00040022.pdf,PO-00040022
PO-00070687.pdf,PO-00070687
PO-00048318.pdf,PO-00048318
PO-00067310.pdf,PO-00067310
PO-00138166.pdf,PO-00138166
PO-00138172.pdf,PO-00138172
PO-00054916.pdf,PO-00054916
PO-00058876.pdf,PO-00058876
PO-00078797.pdf,PO-00078797
PO-00081326.pdf,PO-00081326
PO-00113650.pdf,PO-00113650
PO-00109608.pdf,PO-00109608
PO-00148132.pdf,PO-00148132
PO-00037916.pdf,PO-00037916
PO-00131426.pdf,PO-00131426
PO-00107816.pdf,PO-00107816
PO-00132675.pdf,PO-00132675
PO-00098850.pdf,PO-00098850
PO-00111906.pdf,PO-00111906
PO-00134576.pdf,PO-00134576
PO-00036375.pdf,PO-00036375
PO-00116648.pdf,PO-00116648
PO-00048046.pdf,PO-00048046
PO-00027481.pdf,PO-00027481
PO-00125296.pdf,PO-00125296
PO-00031591.pdf,PO-00031591
PO-00156278.pdf,PO-00156278
PO-00066387.pdf,PO-00066387
PO-00049370.pdf,PO-00049370
PO-00109026.pdf,PO-00109026
PO-00064437_.pdf,PO-00064437
PO-00085785.pdf,PO-00085785
PO-00125527.pdf,PO-00125527
PO-00035052.pdf,PO-00035052
PO-00073007.pdf,PO-00073007
PO-00137137.pdf,PO-00137137
PO-00065665.pdf,PO-00065665
PO-00141937.pdf,PO-00141937
PO-00069077.pdf,PO-00069077
PO-00068369.pdf,PO-00068369
PO-00138238.pdf,PO-00138238
PO-00030116.pdf,PO-00030116
PO-00122506.pdf,PO-00122506
PO-00043311.pdf,PO-00043311
PO-00051067.pdf,PO-00051067
PO-00095025.pdf,PO-00095025
PO-00085236.pdf,PO-00085236
PO-00133190.pdf,PO-00133190
PO-00054679.pdf,PO-00054679
PO-00043305.pdf,PO-00043305
PO-00140156.pdf,PO-00140156
PO-00143339.pdf,PO-00143339
PO-00154651.pdf,PO-00154651
PO-00050345.pdf,PO-00050345
PO-00031977.pdf,PO-00031977
PO-00033635.pdf,PO-00033635
PO-00073577.pdf,PO-00073577
PO-00065315.pdf,PO-00065315
PO-00077705.pdf,PO-00077705
PO-00138006.pdf,PO-00138006
PO-00066146.pdf,PO-00066146
PO-00034614.pdf,PO-00034614
PO-00066147.pdf,PO-00066147
PO-00155599.pdf,PO-00155599
PO-00038775.pdf,PO-00038775
PO-00111481.pdf,PO-00111481
PO-00078345.pdf,PO-00078345
PO-00140816.pdf,PO-00140816
PO-00149167.pdf,PO-00149167
PO-00144457.pdf,PO-00144457
PO-00159360.pdf,PO-00159360
PO-00099150.pdf,PO-00099150
PO-00051066.pdf,PO-00051066
PO-00133191.pdf,PO-00133191
PO-00043310.pdf,PO-00043310
PO-00150378.pdf,PO-00150378
PO-00030117.pdf,PO-00030117
PO-00098925.pdf,PO-00098925
PO-00113902.pdf,PO-00113902
PO-00040382.pdf,PO-00040382
PO-00055957.pdf,PO-00055957
PO-00137136.pdf,PO-00137136
PO-00125532.pdf,PO-00125532
PO-00027325.pdf,PO-00027325
PO-00094689.pdf,PO-00094689
PO-00125526.pdf,PO-00125526
PO-00035047.pdf,PO-00035047
PO-00149365.pdf,PO-00149365
PO-00116675.pdf,PO-00116675
PO-00148047.pdf,PO-00148047
PO-00155764.pdf,PO-00155764
PO-00027480.pdf,PO-00027480
PO-00133387.pdf,PO-00133387
PO-00122315.pdf,PO-00122315
PO-00132106.pdf,PO-00132106
PO-00072250.pdf,PO-00072250
PO-00033218.pdf,PO-00033218
PO-00065738.pdf,PO-00065738
PO-00083295.pdf,PO-00083295
PO-00107195.pdf,PO-00107195
PO-00140235.pdf,PO-00140235
PO-00058308.pdf,PO-00058308
PO-00115208.pdf,PO-00115208
PO-00129297.pdf,PO-00129297
PO-00145371.pdf,PO-00145371
PO-00148133.pdf,PO-00148133
PO-00109609.pdf,PO-00109609
PO-00113651.pdf,PO-00113651
PO-00083256.pdf,PO-00083256
PO-00068585.pdf,PO-00068585
PO-00102748.pdf,PO-00102748
PO-00035696.pdf,PO-00035696
PO-00058877.pdf,PO-00058877
PO-00086879.pdf,PO-00086879
PO-00131619.pdf,PO-00131619
PO-00031625.pdf,PO-00031625
PO-00137254.pdf,PO-00137254
PO-00063611.pdf,PO-00063611
PO-00085419.pdf,PO-00085419
PO-00051648.pdf,PO-00051648
PO-00080207.pdf,PO-00080207
PO-00150224.pdf,PO-00150224
PO-00146446.pdf,PO-00146446
PO-00142152.pdf,PO-00142152
PO-00154718.pdf,PO-00154718
PO-00112995.pdf,PO-00112995
PO-00045601.pdf,PO-00045601
PO-00113321.pdf,PO-00113321
PO-00159228.pdf,PO-00159228
PO-00087226.pdf,PO-00087226
PO-00115036.pdf,PO-00115036
PO-00068967.pdf,PO-00068967
PO-00082400.pdf,PO-00082400
PO-00150220.pdf,PO-00150220
PO-00116275.pdf,PO-00116275
PO-00140033.pdf,PO-00140033
PO-00043506.pdf,PO-00043506
PO-00108705.pdf,PO-00108705
PO-00043260.pdf,PO-00043260
PO-00142618.pdf,PO-00142618
PO-00141477.pdf,PO-00141477
PO-00037278.pdf,PO-00037278
PO-00074355.pdf,PO-00074355
PO-00036697-REV1.pdf,PO-00036697
PO-00088850.pdf,PO-00088850
PO-00050591.pdf,PO-00050591
PO-00136600.pdf,PO-00136600
PO-00072718.pdf,PO-00072718
PO-00079895.pdf,PO-00079895
PO-00123543.pdf,PO-00123543
PO-00156862.pdf,PO-00156862
PO-00097555.pdf,PO-00097555
PO-00133591.pdf,PO-00133591
PO-00133585.pdf,PO-00133585
PO-00158324.pdf,PO-00158324
PO-00093727.pdf,PO-00093727
PO-00027269.pdf,PO-00027269
PO-00115595.pdf,PO-00115595
PO-00073610.pdf,PO-00073610
PO-00095395.pdf,PO-00095395
PO-00109745.pdf,PO-00109745
PO-00042546.pdf,PO-00042546
PO-00108315.pdf,PO-00108315
PO-00141715.pdf,PO-00141715
PO-00124199.pdf,PO-00124199
PO-101807.pdf,PO-00101807
PO-00157605.pdf,PO-00157605
PO-00139889.pdf,PO-00139889
PO-00119595.pdf,PO-00119595
PO-00077516.pdf,PO-00077516
PO-00024628.pdf,PO-00024628
PO-00087197.pdf,PO-00087197
PO-00150817.pdf,PO-00150817
PO-00037126.pdf,PO-00037126
PO-00159364.pdf,PO-00159364
PO-00153649.pdf,PO-00153649
PO-00128589.pdf,PO-00128589
PO-00025907.pdf,PO-00025907
PO-00086048.pdf,PO-00086048
PO-00097145.pdf,PO-00097145
PO-00117989.pdf,PO-00117989
PO-00034605.pdf,PO-00034605
PO-00101866.pdf,PO-00101866
PO-00119797.pdf,PO-00119797
PO-00086935.pdf,PO-00086935
PO-00078355.pdf,PO-00078355
PO-00104089.pdf,PO-00104089
PO-101345.pdf,PO-00101345
PO-00120117.pdf,PO-00120117
PO-00047167.pdf,PO-00047167
PO-00113522.pdf,PO-00113522
PO-00113278.pdf,PO-00113278
PO-00099627.pdf,PO-00099627
PO-00081746-HOLD.pdf,PO-00081746
PO-00025906.pdf,PO-00025906
PO-00037127.pdf,PO-00037127
PO-00128775.pdf,PO-00128775
PO-00048095.pdf,PO-00048095
PO-00096925.pdf,PO-00096925
PO-00077517.pdf,PO-00077517
PO-00142590.pdf,PO-00142590
PO-00143856.pdf,PO-00143856
PO-00111876.pdf,PO-00111876
PO-00045599.pdf,PO-00045599
PO-00039122.pdf,PO-00039122
PO-00040378.pdf,PO-00040378
PO-00124198.pdf,PO-00124198
PO-00087155.pdf,PO-00087155
PO-00093108.pdf,PO-00093108
PO-00152026.pdf,PO-00152026
PO-00146047.pdf,PO-00146047
PO-00080606.pdf,PO-00080606
PO-00067664.pdf,PO-00067664
PO-00073605.pdf,PO-00073605
PO-00102956.pdf,PO-00102956
PO-00067658.pdf,PO-00067658
PO-00079466.pdf,PO-00079466
PO-00060645.pdf,PO-00060645
PO-00126837.pdf,PO-00126837
PO-00104328.pdf,PO-00104328
PO-00098673.pdf,PO-00098673
PO-00074817.pdf,PO-00074817
PO-00041674.pdf,PO-00041674
PO-00059985.pdf,PO-00059985
PO-00054279.pdf,PO-00054279
PO-00052608.pdf,PO-00052608
PO-00073836.pdf,PO-00073836
PO-00042355.pdf,PO-00042355
PO-00116076.pdf,PO-00116076
PO-00104857.pdf,PO-00104857
PO-00029709.pdf,PO-00029709
PO-00131620.pdf,PO-00131620
PO-00092835.pdf,PO-00092835
PO-00079102.pdf,PO-00079102
PO-00037279.pdf,PO-00037279
PO-00111255.pdf,PO-00111255
PO-00123581.pdf,PO-00123581
PO-00156122.pdf,PO-00156122
PO-00140026.pdf,PO-00140026
PO-00090005.pdf,PO-00090005
PO-00049016.pdf,PO-00049016
PO-00031805.pdf,PO-00031805
PO-00059575.pdf,PO-00059575
PO-00099037.pdf,PO-00099037
PO-00140030.pdf,PO-00140030
PO-00142627.pdf,PO-00142627
PO-00061940.pdf,PO-00061940
PO-00080214.pdf,PO-00080214
PO-00034969.pdf,PO-00034969
PO-00127901.pdf,PO-00127901
PO-00117815.pdf,PO-00117815
PO-00144281.pdf,PO-00144281
PO-00081877.pdf,PO-00081877
PO-00075060.pdf,PO-00075060
PO-00104855.pdf,PO-00104855
PO-00131622.pdf,PO-00131622
PO-00090946.pdf,PO-00090946
PO-00056875.pdf,PO-00056875
PO-00086301.pdf,PO-00086301
PO-00115569.pdf,PO-00115569
PO-00091655.pdf,PO-00091655
PO-00081446.pdf,PO-00081446
PO-00045376.pdf,PO-00045376
PO-00081452.pdf,PO-00081452
PO-00095341.pdf,PO-00095341
PO-00118930.pdf,PO-00118930
PO-00105791.pdf,PO-00105791
PO-00061571.pdf,PO-00061571
PO-00066578.pdf,PO-00066578
PO-00096066.pdf,PO-00096066
PO-00130845.pdf,PO-00130845
PO-00087157.pdf,PO-00087157
PO-00091735.pdf,PO-00091735
PO-00107025.pdf,PO-00107025
PO-00130851.pdf,PO-00130851
PO-00034376.pdf,PO-00034376
PO-00119596.pdf,PO-00119596
PO-00068409.pdf,PO-00068409
PO-00027478.pdf,PO-00027478
PO-00120465.pdf,PO-00120465
PO-00048097.pdf,PO-00048097
PO-00064569.pdf,PO-00064569
PO-00096927.pdf,PO-00096927
PO-00105829.pdf,PO-00105829
PO-00135732.pdf,PO-00135732
PO-00109544.pdf,PO-00109544
PO-00157438.pdf,PO-00157438
PO-00102377.pdf,PO-00102377
PO-00045601-REV.pdf,PO-00045601
PO-00119025.pdf,PO-00119025
PO-00095037.pdf,PO-00095037
PO-00085542.pdf,PO-00085542
PO-00097146.pdf,PO-00097146
PO-00053689.pdf,PO-00053689
PO-00120115.pdf,PO-00120115
PO-00036005.pdf,PO-00036005
PO-00070736.pdf,PO-00070736
PO-00101865.pdf,PO-00101865
PO-00075896.pdf,PO-00075896
PO-00022716.pdf,PO-00022716
PO-00054680.pdf,PO-00054680
PO-00034606.pdf,PO-00034606
PO-00093485.pdf,PO-00093485
PO-00147818.pdf,PO-00147818
PO-00128207.pdf,PO-00128207
PO-00149835.pdf,PO-00149835
PO-00129119.pdf,PO-00129119
PO-00130449.pdf,PO-00130449
PO-00147819.pdf,PO-00147819
PO-00078425.pdf,PO-00078425
PO-00040810.pdf,PO-00040810
PO-00088926.pdf,PO-00088926
PO-00034607.pdf,PO-00034607
PO-00151921.pdf,PO-00151921
PO-00136776.pdf,PO-00136776
PO-00119795.pdf,PO-00119795
PO-00058050.pdf,PO-00058050
PO-00095036.pdf,PO-00095036
PO-00101131.pdf,PO-00101131
PO-00048525.pdf,PO-00048525
PO-00101125.pdf,PO-00101125
PO-00148525.pdf,PO-00148525
PO-00111478.pdf,PO-00111478
PO-00118448.pdf,PO-00118448
PO-00087195.pdf,PO-00087195
PO-00096932.pdf,PO-00096932
PO-00078155.pdf,PO-00078155
PO-00133430.pdf,PO-00133430
PO-00128776.pdf,PO-00128776
PO-00068408.pdf,PO-00068408
PO-00143855.pdf,PO-00143855
PO-00074035.pdf,PO-00074035
PO-00141717.pdf,PO-00141717
PO-00116897.pdf,PO-00116897
PO-00111120.pdf,PO-00111120
PO-00087156.pdf,PO-00087156
PO-00153475.pdf,PO-00153475
PO-00157607.pdf,PO-00157607
PO-00096067.pdf,PO-00096067
PO-00119540.pdf,PO-00119540
PO-00040015 - REVISED.pdf,PO-00040015
PO-00071830.pdf,PO-00071830
PO-00110389.pdf,PO-00110389
PO-00073606.pdf,PO-00073606
PO-00136428.pdf,PO-00136428
PO-00024038.pdf,PO-00024038
PO-00105948.pdf,PO-00105948
PO-00105790.pdf,PO-00105790
PO-00118931.pdf,PO-00118931
PO-00071987.pdf,PO-00071987
PO-00079465.pdf,PO-00079465
PO-00053515.pdf,PO-00053515
PO-00098116.pdf,PO-00098116
PO-00086300.pdf,PO-00086300
PO-00050746.pdf,PO-00050746
PO-00115568.pdf,PO-00115568
PO-00059776.pdf,PO-00059776
PO-00092836.pdf,PO-00092836
PO-00101086.pdf,PO-00101086
PO-00067465.pdf,PO-00067465
PO-00144280.pdf,PO-00144280
PO-00139525.pdf,PO-00139525
PO-00081876.pdf,PO-00081876
PO-00030501.pdf,PO-00030501
PO-00050593.pdf,PO-00050593
PO-00079101.pdf,PO-00079101
PO-00029905.pdf,PO-00029905
PO-00136831.pdf,PO-00136831
PO-00112987.pdf,PO-00112987
PO-00040019.pdf,PO-00040019
PO-00145175.pdf,PO-00145175
PO-00110612.pdf,PO-00110612
PO-00034968.pdf,PO-00034968
PO-00025871.pdf,PO-00025871
PO-00150222.pdf,PO-00150222
PO-00062284.pdf,PO-00062284
PO-00044218.pdf,PO-00044218
PO-00107335.pdf,PO-00107335
PO-00117898.pdf,PO-00117898
PO-00057258.pdf,PO-00057258
PO-00131877.pdf,PO-00131877
PO-00118229.pdf,PO-00118229
PO-00064686.pdf,PO-00064686
PO-00139218.pdf,PO-00139218
PO-00031136.pdf,PO-00031136
PO-00058816.pdf,PO-00058816
PO-00140095.pdf,PO-00140095
PO-00069375.pdf,PO-00069375
PO-00029989.pdf,PO-00029989
PO-00069361.pdf,PO-00069361
PO-00136498.pdf,PO-00136498
PO-00107889.pdf,PO-00107889
PO-00048152.pdf,PO-00048152
PO-00082115.pdf,PO-00082115
PO-00140240.pdf,PO-00140240
PO-00091196.pdf,PO-00091196
PO-00058396.pdf,PO-00058396
PO-00123056.pdf,PO-00123056
PO-00030758.pdf,PO-00030758
PO-00046816.pdf,PO-00046816
PO-00062778.pdf,PO-00062778
PO-00145489.pdf,PO-00145489
PO-00158235.pdf,PO-00158235
PO-00156218.pdf,PO-00156218
PO-00139807.pdf,PO-00139807
PO-00153374.pdf,PO-00153374
PO-00158547.pdf,PO-00158547
PO-00062195.pdf,PO-00062195
PO-00053348.pdf,PO-00053348
PO-00114771.pdf,PO-00114771
PO-00112466.pdf,PO-00112466
po-00028088.pdf,PO-00028088
PO-00112472.pdf,PO-00112472
PO-00099455.pdf,PO-00099455
PO-00073067.pdf,PO-00073067
PO-00072379.pdf,PO-00072379
PO-00091948.pdf,PO-00091948
PO-00093187.pdf,PO-00093187
PO-00030638.pdf,PO-00030638
PO-00133325.pdf,PO-00133325
PO-00146962.pdf,PO-00146962
PO-00034310.pdf,PO-00034310
PO-00052095.pdf,PO-00052095
PO-00035768.pdf,PO-00035768
PO-00079576.pdf,PO-00079576
PO-00132007.pdf,PO-00132007
PO-00103755.pdf,PO-00103755
PO-00086987.pdf,PO-00086987
PO-00090129.pdf,PO-00090129
PO-00087455.pdf,PO-00087455
PO-00051013.pdf,PO-00051013
PO-00067589.pdf,PO-00067589
PO-00059467.pdf,PO-00059467
PO-00114573.pdf,PO-00114573
PO-00088982.pdf,PO-00088982
PO-00144436.pdf,PO-00144436
PO-00127620.pdf,PO-00127620
PO-00061107.pdf,PO-00061107
PO-00087496.pdf,PO-00087496
PO-00130348.pdf,PO-00130348
PO-00057489.pdf,PO-00057489
PO-101447.pdf,PO-00101447
PO-00144387.pdf,PO-00144387
PO-00032577.pdf,PO-00032577
PO-00077995.pdf,PO-00077995
PO-00032576.pdf,PO-00032576
PO-00144392.pdf,PO-00144392
PO-00050495.pdf,PO-00050495
PO-00074251.pdf,PO-00074251
PO-00033132.pdf,PO-00033132
PO-00111387.pdf,PO-00111387
PO-00061106.pdf,PO-00061106
PO-00149846.pdf,PO-00149846
PO-00044345.pdf,PO-00044345
PO-00029195.pdf,PO-00029195
PO-00067588.pdf,PO-00067588
PO-00125787.pdf,PO-00125787
PO-00153177.pdf,PO-00153177
PO-00115136.pdf,PO-00115136
PO-00113221.pdf,PO-00113221
PO-00067985.pdf,PO-00067985
PO-00070547.pdf,PO-00070547
PO-00111807.pdf,PO-00111807
PO-00034311.pdf,PO-00034311
PO-00078899.pdf,PO-00078899
PO-00125220.pdf,PO-00125220
PO-00093186.pdf,PO-00093186
PO-00095291.pdf,PO-00095291
PO-00072378.pdf,PO-00072378
PO-00075417.pdf,PO-00075417
PO-00152368-PRICE CHANGE.pdf,PO-00152368
PO-00156231.pdf,PO-00156231
PO-00128089.pdf,PO-00128089
PO-00157885.pdf,PO-00157885
PO-00137195.pdf,PO-00137195
PO-00098825.pdf,PO-00098825
PO-00094945.pdf,PO-00094945
PO-00136328.pdf,PO-00136328
PO-00091197.pdf,PO-00091197
PO-00080717.pdf,PO-00080717
PO-00107888.pdf,PO-00107888
PO-00088377.pdf,PO-00088377
PO-00111998.pdf,PO-00111998
PO-00133708.pdf,PO-00133708
PO-00034715.pdf,PO-00034715
PO-00061728.pdf,PO-00061728
po-00027755.pdf,PO-00027755
PO-00097096.pdf,PO-00097096
PO-00092677.pdf,PO-00092677
PO-00144387 (3).pdf,PO-00144387
PO-00100467.pdf,PO-00100467
PO-00104173.pdf,PO-00104173
PO-00086616.pdf,PO-00086616
PO-00131876.pdf,PO-00131876
PO-00081179.pdf,PO-00081179
PO-00104615.pdf,PO-00104615
PO-00157503.pdf,PO-00157503
PO-00099078.pdf,PO-00099078
PO-00157265.pdf,PO-00157265
PO-00041361.pdf,PO-00041361
PO-00105537.pdf,PO-00105537
PO-00090048.pdf,PO-00090048
PO-00089269.pdf,PO-00089269
PO-00110886.pdf,PO-00110886
PO-00105535.pdf,PO-00105535
PO-00084981.pdf,PO-00084981
PO-00084759.pdf,PO-00084759
PO-00104165.pdf,PO-00104165
PO-00094562.pdf,PO-00094562
PO-00086166.pdf,PO-00086166
PO-00029785.pdf,PO-00029785
PO-00070828.pdf,PO-00070828
PO-00104171.pdf,PO-00104171
PO-00099907.pdf,PO-00099907
PO-00027757.pdf,PO-00027757
PO-00051819.pdf,PO-00051819
PO-00060346.pdf,PO-00060346
PO-00112908.pdf,PO-00112908
PO-00088375.pdf,PO-00088375
PO-00119478.pdf,PO-00119478
PO-00059048.pdf,PO-00059048
PO-00048145.pdf,PO-00048145
PO-00141175.pdf,PO-00141175
PO-00159074.pdf,PO-00159074
PO-00132819.pdf,PO-00132819
PO-00100698.pdf,PO-00100698
PO-00034529.pdf,PO-00034529
PO-00038307.pdf,PO-00038307
PO-00068256.pdf,PO-00068256
PO-00049298.pdf,PO-00049298
PO-00141820.pdf,PO-00141820
PO-00129222.pdf,PO-00129222
PO-00032789.pdf,PO-00032789
PO-00068487.pdf,PO-00068487
PO-00108367.pdf,PO-00108367
PO-00104575.pdf,PO-00104575
PO-00099456.pdf,PO-00099456
PO-00098748.pdf,PO-00098748
PO-00112471.pdf,PO-00112471
PO-00137140.pdf,PO-00137140
PO-00024896.pdf,PO-00024896
PO-00046028-REV.pdf,PO-00046028
PO-00095287.pdf,PO-00095287
PO-00040486.pdf,PO-00040486
PO-00070545.pdf,PO-00070545
PO-00056582.pdf,PO-00056582
PO-101646.pdf,PO-00101646
PO-00067993.pdf,PO-00067993
PO-00068691.pdf,PO-00068691
PO-00029815.pdf,PO-00029815
PO-00112129.pdf,PO-00112129
PO-00111420.pdf,PO-00111420
PO-00023486.pdf,PO-00023486
PO-00153607.pdf,PO-00153607
PO-00044347.pdf,PO-00044347
PO-00151038.pdf,PO-00151038
PO-00051992.pdf,PO-00051992
PO-00125975.pdf,PO-00125975
PO-00134878.pdf,PO-00134878
PO-00136909.pdf,PO-00136909
PO-00050326.pdf,PO-00050326
PO-00111385.pdf,PO-00111385
PO-00097686.pdf,PO-00097686
PO-00142905.pdf,PO-00142905
PO-00138065.pdf,PO-00138065
PO-00133118.pdf,PO-00133118
PO-00155288.pdf,PO-00155288
PO-101445.pdf,PO-00101445
PO-00049879.pdf,PO-00049879
PO-00128539.pdf,PO-00128539
PO-00062424.pdf,PO-00062424
PO-00081967.pdf,PO-00081967
PO-00109291.pdf,PO-00109291
PO-00149845.pdf,PO-00149845
PO-00121535.pdf,PO-00121535
PO-00061105.pdf,PO-00061105
PO-00033131.pdf,PO-00033131
PO-00061111.pdf,PO-00061111
PO-00097687.pdf,PO-00097687
PO-00149689.pdf,PO-00149689
PO-00128288.pdf,PO-00128288
PO-00050327.pdf,PO-00050327
PO-00072838.pdf,PO-00072838
PO-00029196.pdf,PO-00029196
PO-00108164.pdf,PO-00108164
PO-00051005.pdf,PO-00051005
PO-00023487.pdf,PO-00023487
PO-00067992.pdf,PO-00067992
PO-00052097.pdf,PO-00052097
PO-00034306.pdf,PO-00034306
PO-00113975.pdf,PO-00113975
PO-00073065.pdf,PO-00073065
PO-00082088.pdf,PO-00082088
PO-00137627.pdf,PO-00137627
PO-00057892.pdf,PO-00057892
PO-00108428.pdf,PO-00108428
PO-00111179.pdf,PO-00111179
PO-00131281.pdf,PO-00131281
PO-00087899.pdf,PO-00087899
PO-00135795.pdf,PO-00135795
PO-00032788.pdf,PO-00032788
PO-00065808.pdf,PO-00065808
PO-00152849.pdf,PO-00152849
PO-00128897.pdf,PO-00128897
PO-00070356.pdf,PO-00070356
PO-00049299.pdf,PO-00049299
PO-00105087.pdf,PO-00105087
PO-00066508.pdf,PO-00066508
PO-00110475.pdf,PO-00110475
PO-00095457.pdf,PO-00095457
PO-00121858.pdf,PO-00121858
PO-00059049.pdf,PO-00059049
PO-00048150.pdf,PO-00048150
PO-00126306.pdf,PO-00126306
PO-00137551.pdf,PO-00137551
PO-00027756.pdf,PO-00027756
PO-00099906.pdf,PO-00099906
PO-00099735.pdf,PO-00099735
PO-00138851.pdf,PO-00138851
PO-00150521.pdf,PO-00150521
PO-00086167.pdf,PO-00086167
PO-00094563.pdf,PO-00094563
PO-00082467.pdf,PO-00082467
PO-00134919.pdf,PO-00134919
PO-00068096.pdf,PO-00068096
PO-00053000.pdf,PO-00053000
PO-00102529.pdf,PO-00102529
PO-00148346.pdf,PO-00148346
PO-00071299.pdf,PO-00071299
PO-00046409.pdf,PO-00046409
PO-00158145.pdf,PO-00158145
PO-00150519.pdf,PO-00150519
PO-00156168.pdf,PO-00156168
PO-00109487.pdf,PO-00109487
PO-00064125.pdf,PO-00064125
PO-00153789.pdf,PO-00153789
PO-00120997.pdf,PO-00120997
PO-00078530.pdf,PO-00078530
PO-00054555.pdf,PO-00054555
PO-00092466.pdf,PO-00092466
PO-00114573 (2).pdf,PO-00114573
PO-00098605.pdf,PO-00098605
PO-00096628.pdf,PO-00096628
PO-00051405.pdf,PO-00051405
PO-00039975.pdf,PO-00039975
PO-00147501.pdf,PO-00147501
PO-00040291.pdf,PO-00040291
PO-00087902.pdf,PO-00087902
PO-00032607.pdf,PO-00032607
PO-00150096.pdf,PO-00150096
PO-00046186.pdf,PO-00046186
PO-00064455.pdf,PO-00064455
PO-00130038.pdf,PO-00130038
PO-00113187.pdf,PO-00113187
PO-00037757.pdf,PO-00037757
PO-00052865.pdf,PO-00052865
PO-00126896.pdf,PO-00126896
PO-00046031.pdf,PO-00046031
PO-00156550.pdf,PO-00156550
PO-00080116.pdf,PO-00080116
PO-00069788.pdf,PO-00069788
PO-00153372.pdf,PO-00153372
PO-00112448.pdf,PO-00112448
PO-00111141.pdf,PO-00111141
PO-00141776.pdf,PO-00141776
PO-00159139.pdf,PO-00159139
PO-00086229.pdf,PO-00086229
PO-00147461.pdf,PO-00147461
PO-00147475.pdf,PO-00147475
PO-00118617.pdf,PO-00118617
PO-00059887.pdf,PO-00059887
PO-00047461.pdf,PO-00047461
PO-00143175.pdf,PO-00143175
PO-00145289.pdf,PO-00145289
PO-00039626.pdf,PO-00039626
PO-00066336.pdf,PO-00066336
PO-00132015.pdf,PO-00132015
PO-00052905.pdf,PO-00052905
PO-00135752.pdf,PO-00135752
PO-00066685.pdf,PO-00066685
PO-00146227.pdf,PO-00146227
PO-00047887.pdf,PO-00047887
PO-00114575.pdf,PO-00114575
PO-00117726.pdf,PO-00117726
PO-00031078.pdf,PO-00031078
PO-00062420.pdf,PO-00062420
PO-00047850.pdf,PO-00047850
PO-00099686.pdf,PO-00099686
PO-00065415.pdf,PO-00065415
PO-00063716.pdf,PO-00063716
PO-00121256.pdf,PO-00121256
PO-00063717.pdf,PO-00063717
PO-00031051.pdf,PO-00031051
PO-00031045.pdf,PO-00031045
PO-00075149.pdf,PO-00075149
PO-00122005.pdf,PO-00122005
PO-00099687.pdf,PO-00099687
PO-00040858.pdf,PO-00040858
PO-00062421.pdf,PO-00062421
PO-00101145.pdf,PO-00101145
PO-00081745.pdf,PO-00081745
PO-00055272.pdf,PO-00055272
PO-00143438.pdf,PO-00143438
PO-00061855.pdf,PO-00061855
PO-00033875.pdf,PO-00033875
PO-00096205.pdf,PO-00096205
PO-00071105.pdf,PO-00071105
PO-00135753.pdf,PO-00135753
PO-00068412 -2020.pdf,PO-00068412
PO-00031509.pdf,PO-00031509
PO-00127419.pdf,PO-00127419
PO-00071139.pdf,PO-00071139
PO-00091026.pdf,PO-00091026
PO-00059886.pdf,PO-00059886
PO-00103550.pdf,PO-00103550
PO-00137839.pdf,PO-00137839
PO-00153373.pdf,PO-00153373
PO-00056579.pdf,PO-00056579
PO-00153415.pdf,PO-00153415
PO-00071878.pdf,PO-00071878
PO-00117257.pdf,PO-00117257
PO-00080117.pdf,PO-00080117
PO-00156223.pdf,PO-00156223
PO-00046756.pdf,PO-00046756
PO-00089127.pdf,PO-00089127
PO-00107078.pdf,PO-00107078
PO-00152737.pdf,PO-00152737
PO-00050887-REV.pdf,PO-00050887
PO-00075565.pdf,PO-00075565
PO-00126897.pdf,PO-00126897
PO-00149288.pdf,PO-00149288
PO-00130039.pdf,PO-00130039
PO-00025346.pdf,PO-00025346
PO-00073100.pdf,PO-00073100
PO-00062025.pdf,PO-00062025
PO-00065038.pdf,PO-00065038
PO-00087903.pdf,PO-00087903
PO-00147500.pdf,PO-00147500
PO-00105727.pdf,PO-00105727
PO-00066280.pdf,PO-00066280
PO-00092467.pdf,PO-00092467
PO-00049505.pdf,PO-00049505
PO-00055886.pdf,PO-00055886
PO-00154965.pdf,PO-00154965
PO-00145868.pdf,PO-00145868
PO-00081180.pdf,PO-00081180
PO-00131125.pdf,PO-00131125
PO-00038115.pdf,PO-00038115
PO-00115093.pdf,PO-00115093
PO-00026465.pdf,PO-00026465
PO-00039545.pdf,PO-00039545
PO-00076246.pdf,PO-00076246
PO-00098412.pdf,PO-00098412
PO-00048431.pdf,PO-00048431
PO-00144551.pdf,PO-00144551
PO-00061935.pdf,PO-00061935
PO-00103168.pdf,PO-00103168
PO-00129795.pdf,PO-00129795
PO-00133915.pdf,PO-00133915
PO-00144545.pdf,PO-00144545
PO-00077825.pdf,PO-00077825
PO-00095108.pdf,PO-00095108
PO-00088159.pdf,PO-00088159
PO-00139590.pdf,PO-00139590
PO-00148369.pdf,PO-00148369
PO-00149077.pdf,PO-00149077
PO-00052457.pdf,PO-00052457
PO-00072787.pdf,PO-00072787
PO-00084039.pdf,PO-00084039
PO-00084978.pdf,PO-00084978
PO-00069364.pdf,PO-00069364
PO-00064640.pdf,PO-00064640
PO-00133042.pdf,PO-00133042
PO-00121446.pdf,PO-00121446
PO-00127037.pdf,PO-00127037
PO-00149088.pdf,PO-00149088
PO-00154967.pdf,PO-00154967
PO-00054967.pdf,PO-00054967
PO-00159066.pdf,PO-00159066
PO-00062782.pdf,PO-00062782
PO-00142446.pdf,PO-00142446
PO-00049275.pdf,PO-00049275
PO-00040537.pdf,PO-00040537
PO-00059728.pdf,PO-00059728
PO-00085125.pdf,PO-00085125
PO-00147502.pdf,PO-00147502
PO-00041198.pdf,PO-00041198
PO-00061248.pdf,PO-00061248
PO-00026665.pdf,PO-00026665
PO-00129224.pdf,PO-00129224
PO-00150095.pdf,PO-00150095
PO-00046185.pdf,PO-00046185
PO-00052696.pdf,PO-00052696
PO-00156382.pdf,PO-00156382
PO-00085858.pdf,PO-00085858
PO-00129218.pdf,PO-00129218
PO-00031325.pdf,PO-00031325
PO-00052872.pdf,PO-00052872
PO-00127547.pdf,PO-00127547
PO-00119536.pdf,PO-00119536
PO-00107708.pdf,PO-00107708
PO-00156221.pdf,PO-00156221
PO-00046032.pdf,PO-00046032
PO-00092505.pdf,PO-00092505
PO-00089125.pdf,PO-00089125
PO-00083420.pdf,PO-00083420
PO-00117255.pdf,PO-00117255
PO-00132943.pdf,PO-00132943
PO-00153371.pdf,PO-00153371
PO-00025218.pdf,PO-00025218
PO-00126077.pdf,PO-00126077
PO-00062147.pdf,PO-00062147
PO-00120406.pdf,PO-00120406
PO-00039625.pdf,PO-00039625
PO-00152090.pdf,PO-00152090
PO-00124648.pdf,PO-00124648
PO-00136258.pdf,PO-00136258
PO-00132758.pdf,PO-00132758
PO-00098558.pdf,PO-00098558
PO-00156745.pdf,PO-00156745
PO-00080465.pdf,PO-00080465
PO-00107536.pdf,PO-00107536
PO-00044369.pdf,PO-00044369
PO-00117731.pdf,PO-00117731
PO-00022775.pdf,PO-00022775
PO-00040696.pdf,PO-00040696
PO-00127619.pdf,PO-00127619
PO-00074527.pdf,PO-00074527
PO-00131047.pdf,PO-00131047
PO-00031046.pdf,PO-00031046
PO-00085291.pdf,PO-00085291
PO-00047852.pdf,PO-00047852
PO-00062422.pdf,PO-00062422
PO-00036701.pdf,PO-00036701
PO-00103976.pdf,PO-00103976
PO-00057466.pdf,PO-00057466
PO-00091555.pdf,PO-00091555
PO-00131085.pdf,PO-00131085
PO-00044368.pdf,PO-00044368
PO-00101146.pdf,PO-00101146
PO-00058999.pdf,PO-00058999
PO-00141238.pdf,PO-00141238
PO-00047885.pdf,PO-00047885
PO-00023640.pdf,PO-00023640
PO-00129379.pdf,PO-00129379
PO-00125225.pdf,PO-00125225
PO-00033335.pdf,PO-00033335
PO-00127426.pdf,PO-00127426
PO-00060037.pdf,PO-00060037
PO-00097326.pdf,PO-00097326
PO-00103547.pdf,PO-00103547
PO-00059885.pdf,PO-00059885
PO-00049300.pdf,PO-00049300
PO-00119537.pdf,PO-00119537
PO-00039195.pdf,PO-00039195
PO-00046027.pdf,PO-00046027
PO-00123046.pdf,PO-00123046
PO-00052873.pdf,PO-00052873
PO-00116957.pdf,PO-00116957
PO-00037755.pdf,PO-00037755
PO-00093785.pdf,PO-00093785
PO-00037278 (2).pdf,PO-00037278
PO-00156383.pdf,PO-00156383
PO-00061249.pdf,PO-00061249
PO-00030760.pdf,PO-00030760
PO-00078095.pdf,PO-00078095
PO-00027591.pdf,PO-00027591
PO-00146609.pdf,PO-00146609
PO-00055107.pdf,PO-00055107
PO-00033296.pdf,PO-00033296
PO-00095337.pdf,PO-00095337
PO-00055885.pdf,PO-00055885
PO-00040536.pdf,PO-00040536
PO-00159073.pdf,PO-00159073
PO-00062783.pdf,PO-00062783
PO-00025621.pdf,PO-00025621
PO-00128477.pdf,PO-00128477
PO-00132349.pdf,PO-00132349
PO-00071516.pdf,PO-00071516
PO-00054966.pdf,PO-00054966
PO-00120017.pdf,PO-00120017
PO-00069365.pdf,PO-00069365
PO-00039546.pdf,PO-00039546
PO-00024517.pdf,PO-00024517
PO-00092896.pdf,PO-00092896
PO-00108770.pdf,PO-00108770
PO-00048426.pdf,PO-00048426
PO-00052456.pdf,PO-00052456
PO-00133916.pdf,PO-00133916
PO-00077826.pdf,PO-00077826
PO-00076286.pdf,PO-00076286
PO-00041358.pdf,PO-00041358
